{
    "data/game/result/num_beams/llama-7b-lora-alpaca-game-2-40.json": {
        "NDCG": [
            0.010400000000000001,
            0.013466603310000083,
            0.014920626667218823,
            0.017023236073879084,
            0.019536714080314994,
            0.023575222545350837
        ],
        "HR": [
            0.0104,
            0.0158,
            0.0194,
            0.026,
            0.036,
            0.0564
        ]
    },
    "data/game/result/temperature/llama-7b-lora-alpaca-game-2-24.json": {
        "NDCG": [
            0.0112,
            0.015045161162142958,
            0.01621599652407738,
            0.019286651533331544,
            0.0220878306869221,
            0.026183727664982354
        ],
        "HR": [
            0.0112,
            0.018,
            0.0208,
            0.0302,
            0.0414,
            0.0622
        ]
    },
    "data/game/result/temperature/llama-7b-lora-alpaca-game-1-24.json": {
        "NDCG": [
            0.0094,
            0.012645161162142959,
            0.013575120089568885,
            0.01649852468049486,
            0.01899140413214065,
            0.02286366688343936
        ],
        "HR": [
            0.0094,
            0.015,
            0.0172,
            0.0262,
            0.0362,
            0.0558
        ]
    },
    "data/game/result/temperature/llama-7b-lora-alpaca-game-2-32.json": {
        "NDCG": [
            0.010600000000000002,
            0.01399278926071438,
            0.015395736306989524,
            0.01898479066387013,
            0.021796146030205875,
            0.026166133723369532
        ],
        "HR": [
            0.0106,
            0.0166,
            0.02,
            0.031,
            0.0422,
            0.0644
        ]
    },
    "data/game/result/temperature/llama-7b-lora-alpaca-game-2-40.json": {
        "NDCG": [
            0.011000000000000001,
            0.01481897521142867,
            0.016308057569318492,
            0.019751779123638465,
            0.02254046900432314,
            0.027195805602215302
        ],
        "HR": [
            0.011,
            0.0178,
            0.0214,
            0.032,
            0.0432,
            0.0668
        ]
    },
    "data/game/result/temperature/llama-7b-lora-alpaca-game-1-16.json": {
        "NDCG": [
            0.008,
            0.010388045457857209,
            0.01146398075800918,
            0.01447016936173586,
            0.016882380224042252,
            0.020203439708538648
        ],
        "HR": [
            0.008,
            0.0122,
            0.0148,
            0.024,
            0.0336,
            0.0504
        ]
    },
    "data/game/result/temperature/llama-7b-lora-alpaca-game-1-8.json": {
        "NDCG": [
            0.0082,
            0.011114231408571502,
            0.01236243733195283,
            0.014896401943065945,
            0.017347643631690578,
            0.020151699507045373
        ],
        "HR": [
            0.0082,
            0.0134,
            0.0164,
            0.0242,
            0.034,
            0.048
        ]
    }
}