{
    "data/game/result/base/llama-7b-7B-lora-alpaca-game-base-0-24.json": {
        "NDCG": [
            0.0102,
            0.013114231408571502,
            0.014448572643567508,
            0.01729378118718288,
            0.02024657419423398,
            0.024165073938192932
        ],
        "HR": [
            0.0102,
            0.0154,
            0.0186,
            0.0274,
            0.0392,
            0.059
        ]
    },
    "data/game/result/base/llama-7b-7B-lora-alpaca-game-base-0-40.json": {
        "NDCG": [
            0.011600000000000003,
            0.014814231408571502,
            0.016131043143231966,
            0.018770464539663485,
            0.021787401768905427,
            0.025805807703669328
        ],
        "HR": [
            0.0116,
            0.0174,
            0.0206,
            0.0288,
            0.0408,
            0.0612
        ]
    },
    "data/game/result/base/llama-7b-7B-lora-alpaca-game-base-0-32.json": {
        "NDCG": [
            0.011000000000000001,
            0.014797533063571544,
            0.016277850671293594,
            0.01933988152435983,
            0.022376102900338552,
            0.0268889261449147
        ],
        "HR": [
            0.011,
            0.0176,
            0.0212,
            0.0308,
            0.043,
            0.0658
        ]
    }
}