{
    "data/game/result/new-1e-4/game-0.3.json": {
        "NDCG": [
            0.011861680739847209,
            0.015071159289017266,
            0.01646381866370524,
            0.018933506920484764,
            0.02199754976836947,
            0.025542228883290594
        ],
        "HR": [
            0.011861680739847206,
            0.017490952955367914,
            0.020908725371934056,
            0.028749497386409327,
            0.04081222356252513,
            0.058705267390430235
        ]
    },
    "data/game/result/new-1e-4/game-0.1.json": {
        "NDCG": [
            0.010606363818290976,
            0.014201310046742422,
            0.015914767413225086,
            0.019266167890133096,
            0.022293228279107104,
            0.026545982378468617
        ],
        "HR": [
            0.010606363818290974,
            0.017010206123674206,
            0.021212727636581948,
            0.0316189713828297,
            0.04362617570542325,
            0.06523914348609165
        ]
    },
    "data/game/result/new-1e-4/game-0.7.json": {
        "NDCG": [
            0.010503700167104323,
            0.011822324901954126,
            0.012613430467022303,
            0.015904481145680154,
            0.018278290486343374,
            0.02241295831767067
        ],
        "HR": [
            0.010503700167104321,
            0.01289090475053712,
            0.014800668417283362,
            0.025065648126044403,
            0.0346144664597756,
            0.05586058725232752
        ]
    },
    "data/game/result/new-1e-4/game-0.2.json": {
        "NDCG": [
            0.011425135297654843,
            0.015374240688801154,
            0.01671152394696512,
            0.019734608716990943,
            0.022508452702432475,
            0.0267713617831887
        ],
        "HR": [
            0.011425135297654841,
            0.018641010222489478,
            0.021848065744638205,
            0.03126879134095009,
            0.04229304469833634,
            0.06394066947284024
        ]
    }
}