{
    "data/game/result/base/llama-7b-7B-lora-alpaca-game-base-0-40-keywords.json": {
        "NDCG": [
            0.010776738511590079,
            0.012921398541799854,
            0.014531791404419079,
            0.017809381628236053,
            0.020774502498358452,
            0.0247896950580419
        ],
        "HR": [
            0.010776738511590077,
            0.014640097600650671,
            0.018503456689711265,
            0.028670191134607562,
            0.04026026840178935,
            0.06059373729158194
        ]
    },
    "data/game/result/base/llama-7b-7B-lora-alpaca-game-base-0-24.json": {
        "NDCG": [],
        "HR": []
    },
    "data/game/result/base/llama-7b-7B-lora-alpaca-game-base-0-40.json": {
        "NDCG": [],
        "HR": []
    },
    "data/game/result/base/llama-7b-7B-lora-alpaca-game-base-0-32.json": {
        "NDCG": [],
        "HR": []
    }
}