{
    "data/movie/result/movie-5-4.json": {
        "NDCG": [
            0.0094,
            0.014271347112857253,
            0.015466964535231956,
            0.017870508902684597,
            0.020588235634045528,
            0.02664427213315821
        ],
        "HR": [
            0.0094,
            0.0182,
            0.0212,
            0.0288,
            0.0396,
            0.0704
        ]
    },
    "data/movie/result/movie-5-0.15.json": {
        "NDCG": [
            0.0034000000000000007,
            0.00654041735928579,
            0.00796814646600122,
            0.011116268212433405,
            0.014230054769945754,
            0.02066220976464081
        ],
        "HR": [
            0.0034,
            0.009,
            0.0126,
            0.0226,
            0.035,
            0.0676
        ]
    }
}