{
    "data/game/result/base/llama-7b-7B-lora-alpaca-game-base-0-40-keywords.json": {
        "NDCG": [
            0.0,
            0.0006898717488235812,
            0.0008471929392402307,
            0.0015787171166823583,
            0.0018906054755399794,
            0.0029675547575398527
        ],
        "HR": [
            0.0,
            0.0012200081333875558,
            0.0016266775111834079,
            0.0038633590890605938,
            0.005083367222448149,
            0.01057340382269215
        ]
    },
    "data/game/result/base/llama-7b-7B-lora-alpaca-game-base-0-24.json": {
        "NDCG": [],
        "HR": []
    },
    "data/game/result/base/llama-7b-7B-lora-alpaca-game-base-0-40.json": {
        "NDCG": [],
        "HR": []
    },
    "data/game/result/base/llama-7b-7B-lora-alpaca-game-base-0-32.json": {
        "NDCG": [],
        "HR": []
    }
}